ambiente,localtime,nameins,T,G,gap,emph,timeheu,timemilp,z_lp,z_milp,z_feas,z_harjk,z_hard3,z_lbc1,z_lbc2,z_ks,t_lp,t_milp,t_feas,t_harjk,t_hard3,t_lbc1,t_lbc2,t_ks,g_milp,g_feas,g_harjk,g_hard3,g_lbc1,g_lbc2,g_ks,k,ns,commentlocalPC,Wed Aug 24 20:32:38 2022,uc_57.json,24,8,0.0001,0,350,10000,569113.5,0,573630.7,579348.6,0,0,0,0,0,1.9,0,3.8,36.7,0,0,0,0,0,0,0.0,9.917e-05,0,0,0,0,0,10,0,Hard: prueba i)
localPC,Sun Nov  6 21:10:24 2022,uc_061.json,0,0,0.0001,0,8.634871988296508,1000,22323983.0,22419899.6,0,22405421.3,22399368.9,22397369.7,22397254.9,22397936.9,138.0,1065.4,0,701.5,704.6,1071.4,1079.0,1017.1,0.00427819,1e+75,0.00363476,0.00336554,0.00327658,0.00327147,8.172e-05,20,0,Pruebas completas TC&UC
